Timestamp [ms];	CPU cores;	CPU capacity provisioned [MHZ];	CPU usage [MHZ];	CPU usage [%];	Memory capacity provisioned [KB];	Memory usage [KB];	Disk read throughput [KB/s];	Disk write throughput [KB/s];	Network received throughput [KB/s];	Network transmitted throughput [KB/s]
1375090646;	1;	2925.999717;	39.01332956000001;	1.3333333333333335;	89368.0;	142604.0;	0.0;	0.13333333333333333;	0.0;	0.0
1375090946;	1;	2925.999717;	23.407997736000002;	0.8;	89368.0;	57145.6;	0.0;	0.2;	0.0;	0.0
1375091246;	1;	2925.999717;	31.210663648;	1.0666666666666667;	89368.0;	32503.2;	0.0;	0.2;	0.0;	0.0
1375091546;	1;	2925.999717;	27.309330692;	0.9333333333333332;	89368.0;	29532.266666666666;	0.0;	0.26666666666666666;	0.0;	0.0
1375091846;	1;	2925.999717;	23.407997736000002;	0.8;	89374.4;	28308.8;	0.0;	0.2;	0.0;	0.0
1375092146;	1;	2925.999717;	27.309330692;	0.9333333333333332;	89376.26666666666;	26736.8;	0.0;	0.2;	0.0;	0.0
1375092446;	1;	2925.999717;	31.210663648;	1.0666666666666667;	89380.0;	28309.6;	0.26666666666666666;	0.26666666666666666;	0.0;	0.0
1375092746;	1;	2925.999717;	23.407997736000002;	0.8;	89381.33333333333;	31980.0;	0.0;	0.13333333333333333;	0.0;	0.0
1375093046;	1;	2925.999717;	23.407997736000002;	0.8;	89384.0;	27784.8;	0.0;	0.2;	0.0;	0.0
1375093346;	1;	2925.999717;	31.210663648;	1.0666666666666667;	90309.86666666667;	27785.6;	0.0;	0.2;	0.0;	0.0
1375093646;	1;	2925.999717;	27.309330692;	0.9333333333333332;	91120.0;	26736.0;	0.0;	0.2;	0.0;	0.0
1375093946;	1;	2925.999717;	23.407997736000002;	0.8;	91120.0;	24114.4;	0.0;	0.2;	0.0;	0.0
1375094246;	1;	2925.999717;	27.309330692;	0.9333333333333332;	91120.0;	29183.733333333334;	0.0;	0.2;	0.0;	0.0
1375094546;	1;	2925.999717;	31.210663648;	1.0666666666666667;	91120.0;	25688.533333333333;	0.0;	0.26666666666666666;	0.0;	0.0
1375094846;	1;	2925.999717;	27.309330692;	0.9333333333333332;	91120.0;	29358.4;	0.0;	0.13333333333333333;	0.0;	0.0
1375095146;	1;	2925.999717;	23.407997736000002;	0.8;	91120.0;	22542.4;	0.0;	0.2;	0.0;	0.0
1375095446;	1;	2925.999717;	25.358664214;	0.8666666666666667;	91120.0;	29357.6;	0.0;	0.2;	0.0;	0.0
1375095746;	1;	2925.999717;	29.259997170000002;	1.0;	91120.0;	30406.4;	0.0;	0.2;	0.0;	0.0
1375096046;	1;	2925.999717;	23.407997736000002;	0.8;	91120.0;	27086.666666666668;	0.0;	0.13333333333333333;	0.0;	0.0
1375096346;	1;	2925.999717;	23.407997736000002;	0.8;	91120.0;	29533.333333333332;	0.0;	0.26666666666666666;	0.0;	0.0
1375096646;	1;	2925.999717;	31.210663648;	1.0666666666666667;	91120.0;	27610.133333333335;	0.0;	0.2;	0.0;	0.0
1375096946;	1;	2925.999717;	27.309330692;	0.9333333333333332;	91120.0;	29706.933333333334;	0.0;	0.26666666666666666;	0.0;	0.0
1375097246;	1;	2925.999717;	23.407997736000002;	0.8;	91120.0;	31454.4;	0.0;	0.2;	0.0;	0.0
1375097546;	1;	2925.999717;	31.210663648;	1.0666666666666667;	91128.0;	32853.333333333336;	0.0;	0.2;	0.0;	0.0
1375097846;	1;	2925.999717;	27.309330692;	0.9333333333333332;	91128.0;	25513.333333333332;	0.0;	0.2;	0.0;	0.0
1375098146;	1;	2925.999717;	27.309330692;	0.9333333333333332;	91128.0;	28833.6;	0.0;	0.13333333333333333;	0.0;	0.0
1375098446;	1;	2925.999717;	23.407997736000002;	0.8;	91128.0;	32329.6;	0.0;	0.3333333333333333;	0.0;	0.0
1375098746;	1;	2925.999717;	27.309330692;	0.9333333333333332;	91128.0;	29357.6;	0.0;	0.2;	0.0;	0.0
1375099046;	1;	2925.999717;	31.210663648;	1.0666666666666667;	91128.0;	25688.266666666666;	0.0;	0.2;	0.0;	0.0
1375099347;	1;	2925.999717;	21.457331258;	0.7333333333333333;	91128.0;	30231.733333333334;	0.0;	0.2;	0.0;	0.0
1375099647;	1;	2925.999717;	23.407997736000002;	0.8;	91128.0;	30930.4;	0.0;	0.2;	0.0;	0.0
1375099947;	1;	2925.999717;	27.309330692;	0.9333333333333332;	91128.0;	22542.4;	0.0;	0.26666666666666666;	0.0;	0.0
1375100247;	1;	2925.999717;	27.309330692;	0.9333333333333332;	91128.0;	22716.266666666666;	0.0;	0.2;	0.0;	0.0
1375100547;	1;	2925.999717;	25.358664214;	0.8666666666666667;	91128.0;	29707.733333333334;	0.0;	0.13333333333333333;	0.0;	0.0
1375100847;	1;	2925.999717;	23.407997736000002;	0.8;	91128.0;	29533.866666666665;	0.0;	0.2;	0.0;	0.0
1375101147;	1;	2925.999717;	31.210663648;	1.0666666666666667;	91128.0;	34775.2;	0.0;	0.2;	0.0;	0.0
1375101447;	1;	2925.999717;	27.309330692;	0.9333333333333332;	91132.26666666666;	30406.133333333335;	0.0;	0.2;	0.0;	0.0
1375101747;	1;	2925.999717;	23.407997736000002;	0.8;	91144.0;	30931.733333333334;	0.0;	0.13333333333333333;	0.0;	0.0
1375102047;	1;	2925.999717;	23.407997736000002;	0.8;	91144.0;	31105.866666666665;	0.0;	0.13333333333333333;	0.0;	0.0
1375102347;	1;	2925.999717;	27.309330692;	0.9333333333333332;	91144.0;	24639.733333333334;	0.0;	0.2;	0.0;	0.0
1375102647;	1;	2925.999717;	31.210663648;	1.0666666666666667;	91144.0;	35126.4;	0.0;	0.2;	0.0;	0.0
1375102947;	1;	2925.999717;	23.407997736000002;	0.8;	91144.0;	33027.2;	0.0;	0.2;	0.0;	0.0
1375103247;	1;	2925.999717;	27.309330692;	0.9333333333333332;	91144.0;	32677.866666666665;	0.0;	0.3333333333333333;	0.06666666666666667;	0.0
1375103547;	1;	2925.999717;	31.210663648;	1.0666666666666667;	91144.0;	34600.0;	0.0;	0.2;	0.0;	0.0
1375103847;	1;	2925.999717;	25.358664214;	0.8666666666666667;	91144.0;	27435.733333333334;	0.0;	0.2;	0.0;	0.0
1375104147;	1;	2925.999717;	23.407997736000002;	0.8;	91144.0;	37048.26666666667;	0.0;	0.13333333333333333;	0.0;	0.0
1375104447;	1;	2925.999717;	27.309330692;	0.9333333333333332;	91144.0;	31454.666666666668;	0.0;	0.3333333333333333;	0.0;	0.0
1375104747;	1;	2925.999717;	27.309330692;	0.9333333333333332;	91144.0;	32504.0;	0.0;	0.13333333333333333;	0.0;	0.0
1375105047;	1;	2925.999717;	27.309330692;	0.9333333333333332;	91144.0;	29881.066666666666;	0.0;	0.3333333333333333;	0.0;	0.0
1375105347;	1;	2925.999717;	23.407997736000002;	0.8;	91144.0;	29008.0;	0.0;	0.13333333333333333;	0.0;	0.0
1375105647;	1;	2925.999717;	27.309330692;	0.9333333333333332;	91144.0;	28309.866666666665;	0.0;	0.26666666666666666;	0.0;	0.0
1375105947;	1;	2925.999717;	27.309330692;	0.9333333333333332;	91144.0;	29706.933333333334;	0.0;	0.2;	0.0;	0.0
1375106247;	1;	2925.999717;	27.309330692;	0.9333333333333332;	91144.0;	33902.666666666664;	0.0;	0.2;	0.0;	0.0
1375106547;	1;	2925.999717;	23.407997736000002;	0.8;	91144.0;	27959.733333333334;	0.0;	0.2;	0.0;	0.0
1375106847;	1;	2925.999717;	27.309330692;	0.9333333333333332;	91144.0;	28658.666666666668;	0.0;	0.26666666666666666;	0.0;	0.0
1375107147;	1;	2925.999717;	27.309330692;	0.9333333333333332;	91144.0;	29880.8;	0.0;	0.2;	0.0;	0.0
1375107448;	1;	2925.999717;	31.210663648;	1.0666666666666667;	91144.0;	26736.8;	0.0;	0.2;	0.0;	0.0
1375107748;	1;	2925.999717;	23.407997736000002;	0.8;	91144.0;	27434.133333333335;	0.0;	0.13333333333333333;	0.0;	0.0
1375108048;	1;	2925.999717;	23.407997736000002;	0.8;	91144.0;	31979.733333333334;	0.0;	0.2;	0.0;	0.0
1375108348;	1;	2925.999717;	27.309330692;	0.9333333333333332;	91144.0;	27086.133333333335;	0.0;	0.2;	0.0;	0.0
1375108648;	1;	2925.999717;	19.506664780000005;	0.6666666666666667;	91144.0;	27260.8;	0.0;	0.13333333333333333;	0.0;	0.0
1375108948;	1;	2925.999717;	31.210663648;	1.0666666666666667;	91144.0;	25163.2;	0.0;	0.2;	0.0;	0.0
1375109248;	1;	2925.999717;	27.309330692;	0.9333333333333332;	91144.0;	27785.333333333332;	0.0;	0.26666666666666666;	0.0;	0.0
1375109548;	1;	2925.999717;	27.309330692;	0.9333333333333332;	91144.0;	29533.6;	0.0;	0.3333333333333333;	0.0;	0.0
1375109848;	1;	2925.999717;	31.210663648;	1.0666666666666667;	91144.0;	30930.666666666668;	0.0;	0.2;	0.0;	0.0
1375110148;	1;	2925.999717;	27.309330692;	0.9333333333333332;	91144.0;	32678.133333333335;	0.0;	0.2;	0.0;	0.0
1375110448;	1;	2925.999717;	31.210663648;	1.0666666666666667;	91144.0;	31804.8;	0.0;	0.13333333333333333;	0.0;	0.0
1375110748;	1;	2925.999717;	23.407997736000002;	0.8;	91144.0;	32329.6;	0.0;	0.13333333333333333;	0.0;	0.0
1375111048;	1;	2925.999717;	31.210663648;	1.0666666666666667;	91144.0;	30930.4;	0.0;	0.2;	0.0;	0.0
1375111348;	1;	2925.999717;	27.309330692;	0.9333333333333332;	91144.0;	34076.26666666667;	0.0;	0.26666666666666666;	0.0;	0.0
1375111648;	1;	2925.999717;	27.309330692;	0.9333333333333332;	91144.0;	29532.0;	0.0;	0.3333333333333333;	0.0;	0.0
1375111948;	1;	2925.999717;	31.210663648;	1.0666666666666667;	91144.0;	30231.466666666667;	0.0;	0.2;	0.0;	0.0
1375112248;	1;	2925.999717;	27.309330692;	0.9333333333333332;	91144.0;	30930.133333333335;	0.0;	0.2;	0.0;	0.0
1375112548;	1;	2925.999717;	27.309330692;	0.9333333333333332;	91144.0;	31804.8;	0.0;	0.13333333333333333;	0.0;	0.0
1375112848;	1;	2925.999717;	27.309330692;	0.9333333333333332;	91144.0;	30056.266666666666;	0.0;	0.2;	0.0;	0.0
1375113148;	1;	2925.999717;	23.407997736000002;	0.8;	91144.0;	27609.333333333332;	0.0;	0.13333333333333333;	0.0;	0.0
1375113448;	1;	2925.999717;	23.407997736000002;	0.8;	91144.0;	32329.333333333332;	0.0;	0.2;	0.0;	0.0
1375113748;	1;	2925.999717;	31.210663648;	1.0666666666666667;	91144.0;	26911.2;	0.0;	0.26666666666666666;	0.0;	0.0
1375114048;	1;	2925.999717;	27.309330692;	0.9333333333333332;	91144.0;	25338.4;	0.0;	0.2;	0.0;	0.0
1375114348;	1;	2925.999717;	23.407997736000002;	0.8;	91144.0;	30231.466666666667;	0.0;	0.13333333333333333;	0.0;	0.0
1375114648;	1;	2925.999717;	23.407997736000002;	0.8;	91144.0;	30230.666666666668;	0.0;	0.2;	0.0;	0.0
1375114948;	1;	2925.999717;	31.210663648;	1.0666666666666667;	91144.0;	29183.733333333334;	0.0;	0.2;	0.0;	0.0
1375115248;	1;	2925.999717;	27.309330692;	0.9333333333333332;	91144.0;	36523.46666666667;	0.0;	0.26666666666666666;	0.0;	0.0
1375115548;	1;	2925.999717;	23.407997736000002;	0.8;	91168.26666666666;	35474.4;	0.0;	0.13333333333333333;	0.0;	0.0
1375115849;	1;	2925.999717;	27.309330692;	0.9333333333333332;	91194.4;	31978.933333333334;	0.0;	0.3333333333333333;	0.0;	0.0
1375116149;	1;	2925.999717;	31.210663648;	1.0666666666666667;	91196.0;	27086.133333333335;	0.0;	0.2;	0.0;	0.0
1375116449;	1;	2925.999717;	23.407997736000002;	0.8;	91196.0;	31631.466666666667;	0.0;	0.2;	0.0;	0.0
1375116749;	1;	2925.999717;	23.407997736000002;	0.8;	91196.0;	32504.266666666666;	0.0;	0.13333333333333333;	0.0;	0.0
1375117049;	1;	2925.999717;	31.210663648;	1.0666666666666667;	91202.93333333333;	30582.666666666668;	0.0;	0.26666666666666666;	0.0;	0.0
1375117349;	1;	2925.999717;	27.309330692;	0.9333333333333332;	91224.8;	24639.733333333334;	0.0;	0.2;	0.0;	0.0
1375117649;	1;	2925.999717;	23.407997736000002;	0.8;	91255.2;	26561.6;	0.0;	0.13333333333333333;	0.0;	0.0
1375117949;	1;	2925.999717;	27.309330692;	0.9333333333333332;	91291.2;	34251.2;	0.0;	0.26666666666666666;	0.0;	0.0
1375118249;	1;	2925.999717;	27.309330692;	0.9333333333333332;	91342.4;	32503.2;	0.0;	0.13333333333333333;	0.0;	0.0
1375118549;	1;	2925.999717;	27.309330692;	0.9333333333333332;	91384.0;	26561.6;	0.0;	0.2;	0.0;	0.0
1375118849;	1;	2925.999717;	23.407997736000002;	0.8;	91384.0;	27259.733333333334;	0.0;	0.13333333333333333;	0.0;	0.0
1375119149;	1;	2925.999717;	27.309330692;	0.9333333333333332;	91384.0;	29182.933333333334;	0.0;	0.4;	0.0;	0.0
1375119449;	1;	2925.999717;	27.309330692;	0.9333333333333332;	91386.4;	23065.866666666665;	0.0;	0.13333333333333333;	0.0;	0.0
1375119749;	1;	2925.999717;	25.358664214;	0.8666666666666667;	91415.73333333334;	30405.6;	0.0;	0.2;	0.0;	0.0
1375120049;	1;	2925.999717;	23.407997736000002;	0.8;	91468.0;	32153.866666666665;	0.0;	0.2;	0.0;	0.0
1375120349;	1;	2925.999717;	27.309330692;	0.9333333333333332;	93077.06666666667;	33378.4;	0.0;	0.26666666666666666;	0.0;	0.0
1375120649;	1;	2925.999717;	31.210663648;	1.0666666666666667;	93192.0;	33202.933333333334;	0.0;	0.2;	0.0;	0.0
1375120949;	1;	2925.999717;	23.407997736000002;	0.8;	93192.0;	28484.533333333333;	0.0;	0.2;	0.0;	0.0
1375121249;	1;	2925.999717;	21.457331258;	0.7333333333333333;	93210.66666666667;	37048.0;	0.0;	0.13333333333333333;	0.0;	0.0
1375121549;	1;	2925.999717;	31.210663648;	1.0666666666666667;	93232.0;	33202.933333333334;	0.0;	0.2;	0.0;	0.0
1375121849;	1;	2925.999717;	27.309330692;	0.9333333333333332;	93232.0;	31804.533333333333;	0.0;	0.2;	0.0;	0.0
1375122149;	1;	2925.999717;	23.407997736000002;	0.8;	93232.0;	35473.86666666667;	0.0;	0.2;	0.0;	0.0
1375122449;	1;	2925.999717;	27.309330692;	0.9333333333333332;	93232.0;	33028.26666666667;	0.0;	0.26666666666666666;	0.0;	0.0
1375122749;	1;	2925.999717;	31.210663648;	1.0666666666666667;	93232.0;	28833.6;	0.0;	0.2;	0.0;	0.0
1375123049;	1;	2925.999717;	23.407997736000002;	0.8;	93232.0;	34426.4;	0.0;	0.2;	0.0;	0.0
1375123349;	1;	2925.999717;	23.407997736000002;	0.8;	93232.0;	28833.066666666666;	0.0;	0.13333333333333333;	0.0;	0.0
1375123649;	1;	2925.999717;	27.309330692;	0.9333333333333332;	93232.0;	29881.6;	0.0;	0.13333333333333333;	0.0;	0.0
1375123949;	1;	2925.999717;	31.210663648;	1.0666666666666667;	93232.0;	26037.6;	0.0;	0.2;	0.0;	0.0
1375124249;	1;	2925.999717;	23.407997736000002;	0.8;	93232.0;	28484.266666666666;	0.0;	0.13333333333333333;	0.0;	0.0
1375124549;	1;	2925.999717;	23.407997736000002;	0.8;	93232.0;	25163.2;	0.0;	0.2;	0.0;	0.0
1375124849;	1;	2925.999717;	29.259997170000002;	1.0;	93232.0;	26735.2;	0.0;	0.2;	0.0;	0.0
1375125149;	1;	2925.999717;	29.259997170000002;	1.0;	93232.0;	24290.4;	0.0;	0.2;	0.0;	0.0
1375125449;	1;	2925.999717;	23.407997736000002;	0.8;	93232.0;	28658.666666666668;	0.0;	0.2;	0.0;	0.0
1375125749;	1;	2925.999717;	23.407997736000002;	0.8;	93232.0;	29882.4;	0.0;	0.26666666666666666;	0.0;	0.0
1375126049;	1;	2925.999717;	27.309330692;	0.9333333333333332;	93232.0;	30407.2;	0.0;	0.2;	0.0;	0.0
1375126349;	1;	2925.999717;	29.259997170000002;	1.0;	93232.0;	26212.0;	0.0;	0.2;	0.0;	0.0
1375126649;	1;	2925.999717;	23.407997736000002;	0.8;	93232.0;	27260.8;	0.0;	0.13333333333333333;	0.0;	0.0
1375126949;	1;	2925.999717;	27.309330692;	0.9333333333333332;	93232.0;	27435.466666666667;	0.0;	0.3333333333333333;	0.0;	0.0
1375127249;	1;	2925.999717;	31.210663648;	1.0666666666666667;	93232.0;	27784.0;	0.0;	0.13333333333333333;	0.0;	0.0
1375127549;	1;	2925.999717;	23.407997736000002;	0.8;	93232.0;	28833.6;	0.0;	0.26666666666666666;	0.0;	0.0
1375127849;	1;	2925.999717;	23.407997736000002;	0.8;	93232.0;	24115.2;	0.0;	0.2;	0.0;	0.0
1375128149;	1;	2925.999717;	27.309330692;	0.9333333333333332;	93232.0;	29358.4;	0.0;	0.2;	0.0;	0.0
1375128449;	1;	2925.999717;	31.210663648;	1.0666666666666667;	94422.4;	29882.4;	0.0;	0.2;	0.0;	0.0
1375128749;	1;	2925.999717;	23.407997736000002;	0.8;	95216.0;	27784.0;	0.0;	0.26666666666666666;	0.0;	0.0
1375129050;	1;	2925.999717;	23.407997736000002;	0.8;	95216.0;	32853.066666666666;	0.0;	0.2;	0.0;	0.0
1375129350;	1;	2925.999717;	31.210663648;	1.0666666666666667;	95216.0;	30931.2;	0.0;	0.26666666666666666;	0.0;	0.0
1375129650;	1;	2925.999717;	27.309330692;	0.9333333333333332;	95216.0;	31455.2;	0.0;	0.2;	0.0;	0.0
1375129950;	1;	2925.999717;	23.407997736000002;	0.8;	95216.0;	26212.8;	0.0;	0.26666666666666666;	0.0;	0.0
1375130250;	1;	2925.999717;	23.407997736000002;	0.8;	95216.0;	27958.933333333334;	0.0;	0.13333333333333333;	0.0;	0.0
1375130550;	1;	2925.999717;	27.309330692;	0.9333333333333332;	95216.0;	28833.6;	0.0;	0.2;	0.0;	0.0
1375130850;	1;	2925.999717;	31.210663648;	1.0666666666666667;	95216.0;	28308.8;	0.0;	0.2;	0.0;	0.0
1375131150;	1;	2925.999717;	23.407997736000002;	0.8;	95216.0;	30581.6;	0.0;	0.2;	0.0;	0.0
1375131450;	1;	2925.999717;	23.407997736000002;	0.8;	95216.0;	29357.6;	0.0;	0.13333333333333333;	0.0;	0.0
1375131750;	1;	2925.999717;	29.259997170000002;	1.0;	95216.0;	28309.6;	0.0;	0.26666666666666666;	0.0;	0.0
1375132050;	1;	2925.999717;	29.259997170000002;	1.0;	95216.0;	28309.6;	0.0;	0.2;	0.0;	0.0
1375132350;	1;	2925.999717;	23.407997736000002;	0.8;	95216.0;	29358.4;	0.0;	0.2;	0.0;	0.0
1375132650;	1;	2925.999717;	23.407997736000002;	0.8;	95216.0;	28309.6;	0.0;	0.13333333333333333;	0.0;	0.0
1375132950;	1;	2925.999717;	31.210663648;	1.0666666666666667;	95216.0;	26037.866666666665;	0.0;	0.3333333333333333;	0.0;	0.0
1375133250;	1;	2925.999717;	27.309330692;	0.9333333333333332;	95216.0;	27260.0;	0.0;	0.26666666666666666;	0.0;	0.0
1375133550;	1;	2925.999717;	23.407997736000002;	0.8;	95216.0;	29182.933333333334;	0.0;	0.2;	0.0;	0.0
1375133850;	1;	2925.999717;	23.407997736000002;	0.8;	95216.0;	34076.0;	0.0;	0.13333333333333333;	0.0;	0.0
1375134150;	1;	2925.999717;	31.210663648;	1.0666666666666667;	95216.0;	29881.866666666665;	0.0;	0.26666666666666666;	0.0;	0.0
1375134450;	1;	2925.999717;	27.309330692;	0.9333333333333332;	95216.0;	33203.46666666667;	0.0;	0.2;	0.0;	0.0
1375134750;	1;	2925.999717;	23.407997736000002;	0.8;	95216.0;	30406.4;	0.0;	0.2;	0.0;	0.0
1375135050;	1;	2925.999717;	23.407997736000002;	0.8;	95216.0;	27435.2;	0.0;	0.2;	0.0;	0.0
1375135350;	1;	2925.999717;	31.210663648;	1.0666666666666667;	95216.0;	25164.8;	0.0;	0.3333333333333333;	0.0;	0.0
1375135650;	1;	2925.999717;	27.309330692;	0.9333333333333332;	95216.0;	24640.0;	0.0;	0.2;	0.0;	0.0
1375135950;	1;	2925.999717;	23.407997736000002;	0.8;	95216.0;	24115.2;	0.0;	0.2;	0.0;	0.0
1375136250;	1;	2925.999717;	25.358664214;	0.8666666666666667;	95216.0;	27609.866666666665;	0.0;	0.2;	0.0;	0.0
1375136551;	1;	2925.999717;	27.309330692;	0.9333333333333332;	95216.0;	32503.2;	0.0;	0.2;	0.0;	0.0
1375136851;	1;	2925.999717;	27.309330692;	0.9333333333333332;	95216.0;	28833.6;	0.0;	0.2;	0.0;	0.0
1375137151;	1;	2925.999717;	23.407997736000002;	0.8;	95216.0;	35649.6;	0.0;	0.2;	0.0;	0.0
1375137451;	1;	2925.999717;	27.309330692;	0.9333333333333332;	95216.0;	30056.266666666666;	0.0;	0.13333333333333333;	0.0;	0.0
1375137751;	1;	2925.999717;	27.309330692;	0.9333333333333332;	95216.0;	28833.6;	0.0;	0.2;	0.0;	0.0
1375138051;	1;	2925.999717;	27.309330692;	0.9333333333333332;	95216.0;	25164.8;	0.0;	0.2;	0.0;	0.0
1375138351;	1;	2925.999717;	23.407997736000002;	0.8;	95216.0;	24289.066666666666;	0.0;	0.2;	0.0;	0.0
1375138651;	1;	2925.999717;	27.309330692;	0.9333333333333332;	95216.0;	30930.4;	0.0;	0.26666666666666666;	0.0;	0.0
1375138951;	1;	2925.999717;	29.259997170000002;	1.0;	95216.0;	26388.0;	0.0;	0.13333333333333333;	0.0;	0.0
1375139251;	1;	2925.999717;	23.407997736000002;	0.8;	95216.0;	24464.533333333333;	0.0;	0.13333333333333333;	0.0;	0.0
1375139551;	1;	2925.999717;	23.407997736000002;	0.8;	95216.0;	26736.8;	0.0;	0.26666666666666666;	0.0;	0.0
1375139851;	1;	2925.999717;	31.210663648;	1.0666666666666667;	95216.0;	30232.266666666666;	0.0;	0.2;	0.0;	0.0
1375140151;	1;	2925.999717;	27.309330692;	0.9333333333333332;	95216.0;	25862.933333333334;	0.0;	0.2;	0.0;	0.0
1375140451;	1;	2925.999717;	23.407997736000002;	0.8;	95216.0;	30406.4;	0.0;	0.13333333333333333;	0.0;	0.0
1375140751;	1;	2925.999717;	23.407997736000002;	0.8;	95216.0;	28833.6;	0.0;	0.26666666666666666;	0.0;	0.0
1375141051;	1;	2925.999717;	31.210663648;	1.0666666666666667;	95216.0;	28833.6;	0.0;	0.2;	0.0;	0.0
1375141351;	1;	2925.999717;	27.309330692;	0.9333333333333332;	95216.0;	23940.266666666666;	0.0;	0.2;	0.0;	0.0
1375141651;	1;	2925.999717;	23.407997736000002;	0.8;	95216.0;	25686.4;	0.0;	0.13333333333333333;	0.0;	0.0
1375141951;	1;	2925.999717;	27.309330692;	0.9333333333333332;	95216.0;	23589.6;	0.0;	0.2;	0.0;	0.0
1375142251;	1;	2925.999717;	27.309330692;	0.9333333333333332;	95216.0;	22891.733333333334;	0.0;	0.13333333333333333;	0.06666666666666667;	0.0
1375142551;	1;	2925.999717;	27.309330692;	0.9333333333333332;	95216.0;	28833.6;	0.0;	0.13333333333333333;	0.0;	0.0
1375142851;	1;	2925.999717;	23.407997736000002;	0.8;	95216.0;	33552.0;	0.0;	0.2;	0.0;	0.0
1375143151;	1;	2925.999717;	23.407997736000002;	0.8;	95216.0;	23591.2;	0.0;	0.13333333333333333;	0.0;	0.0
1375143451;	1;	2925.999717;	33.161330126;	1.1333333333333333;	95216.0;	28834.4;	0.0;	0.2;	0.0;	0.0
1375143751;	1;	2925.999717;	23.407997736000002;	0.8;	95216.0;	35648.8;	0.0;	0.13333333333333333;	0.0;	0.0
1375144051;	1;	2925.999717;	23.407997736000002;	0.8;	95216.0;	32153.333333333332;	0.0;	0.13333333333333333;	0.0;	0.0
1375144351;	1;	2925.999717;	23.407997736000002;	0.8;	95216.0;	34076.8;	0.0;	0.26666666666666666;	0.0;	0.0
1375144651;	1;	2925.999717;	31.210663648;	1.0666666666666667;	95216.0;	28133.333333333332;	0.0;	0.2;	0.0;	0.0
1375144951;	1;	2925.999717;	27.309330692;	0.9333333333333332;	95216.0;	32504.0;	0.0;	0.13333333333333333;	0.0;	0.0
1375145251;	1;	2925.999717;	23.407997736000002;	0.8;	95216.0;	25687.733333333334;	0.0;	0.2;	0.0;	0.0
1375145551;	1;	2925.999717;	27.309330692;	0.9333333333333332;	95216.0;	29357.6;	0.0;	0.2;	0.0;	0.0
1375145851;	1;	2925.999717;	31.210663648;	1.0666666666666667;	95216.0;	24114.4;	0.0;	0.13333333333333333;	0.0;	0.0
1375146151;	1;	2925.999717;	23.407997736000002;	0.8;	95216.0;	30406.666666666668;	0.0;	0.13333333333333333;	0.0;	0.0
1375146451;	1;	2925.999717;	23.407997736000002;	0.8;	95216.0;	29882.4;	0.0;	0.13333333333333333;	0.0;	0.0
1375146751;	1;	2925.999717;	31.210663648;	1.0666666666666667;	95216.0;	28658.933333333334;	0.0;	0.2;	0.0;	0.0
1375147051;	1;	2925.999717;	27.309330692;	0.9333333333333332;	95216.0;	28833.6;	0.0;	0.13333333333333333;	0.0;	0.0
1375147351;	1;	2925.999717;	23.407997736000002;	0.8;	95216.0;	31455.2;	0.0;	0.13333333333333333;	0.0;	0.0
1375147651;	1;	2925.999717;	27.309330692;	0.9333333333333332;	95216.0;	29706.933333333334;	0.0;	0.26666666666666666;	0.0;	0.0
1375147951;	1;	2925.999717;	27.309330692;	0.9333333333333332;	95216.0;	24464.533333333333;	0.0;	0.2;	0.0;	0.0
1375148251;	1;	2925.999717;	27.309330692;	0.9333333333333332;	95216.0;	32678.4;	0.0;	0.13333333333333333;	0.0;	0.0
1375148551;	1;	2925.999717;	23.407997736000002;	0.8;	95216.0;	34600.0;	0.0;	0.13333333333333333;	0.0;	0.0
1375148851;	1;	2925.999717;	27.309330692;	0.9333333333333332;	95216.0;	27260.0;	0.0;	0.2;	0.0;	0.0
1375149151;	1;	2925.999717;	31.210663648;	1.0666666666666667;	95216.0;	33028.8;	0.0;	0.13333333333333333;	0.0;	0.0
1375149451;	1;	2925.999717;	23.407997736000002;	0.8;	95216.0;	28833.6;	0.0;	0.13333333333333333;	0.0;	0.0
1375149751;	1;	2925.999717;	23.407997736000002;	0.8;	95216.0;	26736.8;	0.0;	0.2;	0.0;	0.0
1375150051;	1;	2925.999717;	27.309330692;	0.9333333333333332;	95216.0;	27260.8;	0.0;	0.2;	0.0;	0.0
1375150351;	1;	2925.999717;	31.210663648;	1.0666666666666667;	95216.0;	23590.4;	0.0;	0.13333333333333333;	0.0;	0.0
1375150651;	1;	2925.999717;	23.407997736000002;	0.8;	95216.0;	28833.6;	0.0;	0.2;	0.0;	0.0
1375150951;	1;	2925.999717;	27.309330692;	0.9333333333333332;	95216.0;	34950.933333333334;	0.0;	0.2;	0.0;	0.0
1375151251;	1;	2925.999717;	27.309330692;	0.9333333333333332;	95216.0;	35124.8;	0.0;	0.2;	0.06666666666666667;	0.0
1375151551;	1;	2925.999717;	25.358664214;	0.8666666666666667;	95216.0;	33377.86666666667;	0.0;	0.13333333333333333;	0.0;	0.0
1375151851;	1;	2925.999717;	23.407997736000002;	0.8;	95216.0;	30406.4;	0.0;	0.13333333333333333;	0.0;	0.0
1375152151;	1;	2925.999717;	27.309330692;	0.9333333333333332;	95216.0;	27785.6;	0.0;	0.26666666666666666;	0.0;	0.0
1375152452;	1;	2925.999717;	31.210663648;	1.0666666666666667;	95216.0;	26736.0;	0.0;	0.13333333333333333;	0.0;	0.0
1375152752;	1;	2925.999717;	23.407997736000002;	0.8;	95216.0;	29706.933333333334;	0.0;	0.2;	0.0;	0.0
1375153052;	1;	2925.999717;	27.309330692;	0.9333333333333332;	95216.0;	31629.6;	0.0;	0.2;	0.0;	0.0
1375153352;	1;	2925.999717;	27.309330692;	0.9333333333333332;	95216.0;	30580.8;	0.0;	0.13333333333333333;	0.0;	0.0
1375153652;	1;	2925.999717;	31.210663648;	1.0666666666666667;	95216.0;	32504.0;	0.0;	0.13333333333333333;	0.0;	0.0
1375153952;	1;	2925.999717;	23.407997736000002;	0.8;	95216.0;	27610.133333333335;	0.0;	0.2;	0.0;	0.0
1375154252;	1;	2925.999717;	27.309330692;	0.9333333333333332;	95216.0;	31280.533333333333;	0.0;	0.2;	0.0;	0.0
1375154552;	1;	2925.999717;	31.210663648;	1.0666666666666667;	95216.0;	26211.2;	0.0;	0.13333333333333333;	0.0;	0.0
1375154852;	1;	2925.999717;	23.407997736000002;	0.8;	95216.0;	25163.2;	0.0;	0.13333333333333333;	0.0;	0.0
1375155152;	1;	2925.999717;	23.407997736000002;	0.8;	95216.0;	24115.2;	0.0;	0.2;	0.0;	0.0
1375155452;	1;	2925.999717;	31.210663648;	1.0666666666666667;	95216.0;	29882.4;	0.0;	0.2;	0.0;	0.0
1375155752;	1;	2925.999717;	31.210663648;	1.0666666666666667;	95216.0;	30407.2;	0.0;	0.13333333333333333;	0.0;	0.0
1375156052;	1;	2925.999717;	23.407997736000002;	0.8;	95216.0;	26561.066666666666;	0.0;	0.13333333333333333;	0.0;	0.0
1375156352;	1;	2925.999717;	23.407997736000002;	0.8;	95216.0;	29881.6;	0.0;	0.2;	0.0;	0.0
1375156652;	1;	2925.999717;	29.259997170000002;	1.0;	95216.0;	29356.8;	0.0;	0.2;	0.0;	0.0
1375156952;	1;	2925.999717;	27.309330692;	0.9333333333333332;	95216.0;	26911.466666666667;	0.0;	0.2;	0.0;	0.0
1375157252;	1;	2925.999717;	23.407997736000002;	0.8;	95216.0;	24813.6;	0.0;	0.13333333333333333;	0.0;	0.0
1375157552;	1;	2925.999717;	25.358664214;	0.8666666666666667;	95216.0;	26211.2;	0.0;	0.2;	0.0;	0.0
1375157852;	1;	2925.999717;	27.309330692;	0.9333333333333332;	95216.0;	31455.2;	0.0;	0.13333333333333333;	0.0;	0.0
1375158152;	1;	2925.999717;	25.358664214;	0.8666666666666667;	95216.0;	28834.4;	0.0;	0.13333333333333333;	0.0;	0.0
1375158452;	1;	2925.999717;	23.407997736000002;	0.8;	95216.0;	24114.4;	0.0;	0.13333333333333333;	0.0;	0.0
1375158752;	1;	2925.999717;	27.309330692;	0.9333333333333332;	95216.0;	20270.133333333335;	0.0;	0.26666666666666666;	0.0;	0.0
1375159052;	1;	2925.999717;	31.210663648;	1.0666666666666667;	95216.0;	23940.0;	0.0;	0.13333333333333333;	0.0;	0.0
1375159352;	1;	2925.999717;	21.457331258;	0.7333333333333333;	95216.0;	30232.266666666666;	0.0;	0.13333333333333333;	0.0;	0.0
1375159652;	1;	2925.999717;	27.309330692;	0.9333333333333332;	95216.0;	27785.333333333332;	0.0;	0.2;	0.0;	0.0
1375159952;	1;	2925.999717;	27.309330692;	0.9333333333333332;	95216.0;	28483.733333333334;	0.0;	0.13333333333333333;	0.0;	0.0
1375160252;	1;	2925.999717;	27.309330692;	0.9333333333333332;	95216.0;	30757.333333333332;	0.0;	0.13333333333333333;	0.0;	0.0
1375160552;	1;	2925.999717;	23.407997736000002;	0.8;	95216.0;	30756.533333333333;	0.0;	0.2;	0.0;	0.0
1375160852;	1;	2925.999717;	27.309330692;	0.9333333333333332;	95216.0;	30057.066666666666;	0.0;	0.2;	0.0;	0.0
1375161152;	1;	2925.999717;	31.210663648;	1.0666666666666667;	95216.0;	34425.333333333336;	0.0;	0.13333333333333333;	0.0;	0.0
1375161452;	1;	2925.999717;	23.407997736000002;	0.8;	95216.0;	30581.066666666666;	0.0;	0.2;	0.0;	0.0
1375161752;	1;	2925.999717;	23.407997736000002;	0.8;	95216.0;	28135.466666666667;	0.0;	0.13333333333333333;	0.0;	0.0
1375162052;	1;	2925.999717;	25.358664214;	0.8666666666666667;	95216.0;	33028.0;	0.0;	0.26666666666666666;	0.0;	0.0
1375162352;	1;	2925.999717;	31.210663648;	1.0666666666666667;	95216.0;	29008.533333333333;	0.0;	0.2;	0.0;	0.0
1375162652;	1;	2925.999717;	23.407997736000002;	0.8;	95216.0;	29533.333333333332;	0.0;	0.2;	0.0;	0.0
1375162952;	1;	2925.999717;	19.506664780000005;	0.6666666666666667;	95216.0;	24988.266666666666;	0.0;	0.13333333333333333;	0.0;	0.0
1375163252;	1;	2925.999717;	31.210663648;	1.0666666666666667;	95216.0;	28134.666666666668;	0.0;	0.26666666666666666;	0.0;	0.0
1375163552;	1;	2925.999717;	27.309330692;	0.9333333333333332;	95216.0;	25862.666666666668;	0.0;	0.13333333333333333;	0.06666666666666667;	0.0
1375163852;	1;	2925.999717;	23.407997736000002;	0.8;	95216.0;	31105.6;	0.0;	0.13333333333333333;	0.0;	0.0
1375164152;	1;	2925.999717;	27.309330692;	0.9333333333333332;	95216.0;	33027.73333333333;	0.0;	0.26666666666666666;	0.0;	0.0
1375164452;	1;	2925.999717;	31.210663648;	1.0666666666666667;	95216.0;	26211.733333333334;	0.0;	0.13333333333333333;	0.0;	0.0
1375164752;	1;	2925.999717;	23.407997736000002;	0.8;	95216.0;	30231.466666666667;	0.0;	0.26666666666666666;	0.0;	0.0
1375165052;	1;	2925.999717;	23.407997736000002;	0.8;	95216.0;	34425.6;	0.0;	0.13333333333333333;	0.0;	0.0
1375165352;	1;	2925.999717;	31.210663648;	1.0666666666666667;	95216.0;	33202.4;	0.0;	0.2;	0.0;	0.0
1375165653;	1;	2925.999717;	27.309330692;	0.9333333333333332;	95216.0;	26561.333333333332;	0.0;	0.13333333333333333;	0.0;	0.0
1375165953;	1;	2925.999717;	23.407997736000002;	0.8;	95216.0;	25337.6;	0.0;	0.2;	0.0;	0.0
1375166253;	1;	2925.999717;	27.309330692;	0.9333333333333332;	95216.0;	30581.333333333332;	0.0;	0.2;	0.0;	0.0
1375166553;	1;	2925.999717;	31.210663648;	1.0666666666666667;	95216.0;	31804.8;	0.0;	0.13333333333333333;	0.0;	0.0
1375166853;	1;	2925.999717;	23.407997736000002;	0.8;	95216.0;	30930.133333333335;	0.0;	0.13333333333333333;	0.0;	0.0
1375167153;	1;	2925.999717;	23.407997736000002;	0.8;	95216.0;	30231.733333333334;	0.0;	0.2;	0.0;	0.0
1375167453;	1;	2925.999717;	31.210663648;	1.0666666666666667;	95216.0;	25164.0;	0.0;	0.26666666666666666;	0.0;	0.0
1375167753;	1;	2925.999717;	27.309330692;	0.9333333333333332;	95216.0;	31629.333333333332;	0.0;	0.2;	0.0;	0.0
1375168053;	1;	2925.999717;	23.407997736000002;	0.8;	95216.0;	31978.4;	0.0;	0.13333333333333333;	0.0;	0.0
1375168353;	1;	2925.999717;	27.309330692;	0.9333333333333332;	95216.0;	26736.0;	0.0;	0.2;	0.0;	0.0
1375168653;	1;	2925.999717;	31.210663648;	1.0666666666666667;	95216.0;	29532.266666666666;	0.0;	0.13333333333333333;	0.0;	0.0
1375168953;	1;	2925.999717;	23.407997736000002;	0.8;	95216.0;	27436.266666666666;	0.0;	0.2;	0.0;	0.0
1375169253;	1;	2925.999717;	23.407997736000002;	0.8;	95216.0;	24289.333333333332;	0.0;	0.13333333333333333;	0.0;	0.0
1375169553;	1;	2925.999717;	27.309330692;	0.9333333333333332;	95216.0;	30407.733333333334;	0.0;	0.26666666666666666;	0.0;	0.0
1375169853;	1;	2925.999717;	31.210663648;	1.0666666666666667;	95216.0;	26386.133333333335;	0.0;	0.13333333333333333;	0.0;	0.0
1375170153;	1;	2925.999717;	23.407997736000002;	0.8;	95216.0;	32503.2;	0.0;	0.13333333333333333;	0.0;	0.0
1375170453;	1;	2925.999717;	27.309330692;	0.9333333333333332;	95216.0;	30232.0;	0.0;	0.2;	0.0;	0.0
1375170753;	1;	2925.999717;	31.210663648;	1.0666666666666667;	95216.0;	35300.0;	0.0;	0.13333333333333333;	0.0;	0.0
1375171053;	1;	2925.999717;	23.407997736000002;	0.8;	95216.0;	36173.86666666667;	0.0;	0.13333333333333333;	0.0;	0.0
1375171353;	1;	2925.999717;	23.407997736000002;	0.8;	95216.0;	29707.466666666667;	0.0;	0.2;	0.0;	0.0
1375171653;	1;	2925.999717;	31.210663648;	1.0666666666666667;	95216.0;	29183.466666666667;	0.0;	0.2;	0.0;	0.0
1375171953;	1;	2925.999717;	27.309330692;	0.9333333333333332;	95216.0;	28833.6;	0.0;	0.13333333333333333;	0.0;	0.0
1375172253;	1;	2925.999717;	23.407997736000002;	0.8;	95216.0;	22716.533333333333;	0.0;	0.2;	0.0;	0.0
1375172553;	1;	2925.999717;	27.309330692;	0.9333333333333332;	95216.0;	29182.666666666668;	0.0;	0.2;	0.0;	0.0
1375172853;	1;	2925.999717;	27.309330692;	0.9333333333333332;	95216.0;	26387.733333333334;	0.0;	0.2;	0.0;	0.0
1375173153;	1;	2925.999717;	27.309330692;	0.9333333333333332;	95216.0;	26736.533333333333;	0.0;	0.2;	0.0;	0.0
1375173453;	1;	2925.999717;	23.407997736000002;	0.8;	95216.0;	24464.8;	0.0;	0.13333333333333333;	0.0;	0.0
1375173753;	1;	2925.999717;	23.407997736000002;	0.8;	95216.0;	29008.533333333333;	0.0;	0.13333333333333333;	0.0;	0.0
1375174053;	1;	2925.999717;	27.309330692;	0.9333333333333332;	95216.0;	30057.066666666666;	0.0;	0.2;	0.0;	0.0
1375174353;	1;	2925.999717;	31.210663648;	1.0666666666666667;	95216.0;	30756.8;	0.0;	0.13333333333333333;	0.0;	0.0
1375174653;	1;	2925.999717;	23.407997736000002;	0.8;	95216.0;	33900.8;	0.0;	0.13333333333333333;	0.0;	0.0
1375174953;	1;	2925.999717;	27.309330692;	0.9333333333333332;	95216.0;	29707.2;	0.0;	0.2;	0.0;	0.0
1375175253;	1;	2925.999717;	27.309330692;	0.9333333333333332;	95216.0;	30406.4;	0.0;	0.2;	0.0;	0.0
1375175553;	1;	2925.999717;	25.358664214;	0.8666666666666667;	95216.0;	28134.133333333335;	0.0;	0.13333333333333333;	0.0;	0.0
1375175853;	1;	2925.999717;	23.407997736000002;	0.8;	95216.0;	26562.666666666668;	0.0;	0.2;	0.0;	0.0
1375176153;	1;	2925.999717;	25.358664214;	0.8666666666666667;	95216.0;	26212.533333333333;	0.0;	0.2;	0.0;	0.0
1375176453;	1;	2925.999717;	31.210663648;	1.0666666666666667;	95216.0;	27960.0;	0.0;	0.13333333333333333;	0.0;	0.0
1375176753;	1;	2925.999717;	23.407997736000002;	0.8;	95216.0;	30581.333333333332;	0.0;	1.2;	0.0;	0.0
1375177053;	1;	2925.999717;	23.407997736000002;	0.8;	95216.0;	26561.333333333332;	0.0;	0.13333333333333333;	0.0;	0.0
1375177353;	1;	2925.999717;	31.210663648;	1.0666666666666667;	95216.0;	33028.8;	0.0;	0.2;	0.0;	0.0
1375177653;	1;	2925.999717;	27.309330692;	0.9333333333333332;	95216.0;	24639.2;	0.0;	0.13333333333333333;	0.0;	0.0
1375177953;	1;	2925.999717;	23.407997736000002;	0.8;	95216.0;	26562.133333333335;	0.0;	0.13333333333333333;	0.0;	0.0
1375178253;	1;	2925.999717;	23.407997736000002;	0.8;	95216.0;	28483.466666666667;	0.0;	0.13333333333333333;	0.0;	0.0
1375178553;	1;	2925.999717;	31.210663648;	1.0666666666666667;	95216.0;	29007.466666666667;	0.0;	0.26666666666666666;	0.0;	0.0
1375178853;	1;	2925.999717;	27.309330692;	0.9333333333333332;	95216.0;	26561.6;	0.0;	0.13333333333333333;	0.0;	0.0
1375179153;	1;	2925.999717;	23.407997736000002;	0.8;	95216.0;	26735.733333333334;	0.0;	0.13333333333333333;	0.0;	0.0
1375179454;	1;	2925.999717;	27.309330692;	0.9333333333333332;	95216.0;	23764.8;	0.0;	0.2;	0.0;	0.0
1375179754;	1;	2925.999717;	31.210663648;	1.0666666666666667;	95216.0;	27959.466666666667;	0.0;	0.13333333333333333;	0.0;	0.0
1375180054;	1;	2925.999717;	23.407997736000002;	0.8;	95216.0;	28308.533333333333;	0.0;	0.13333333333333333;	0.0;	0.0
1375180354;	1;	2925.999717;	23.407997736000002;	0.8;	95216.0;	30056.533333333333;	0.0;	0.26666666666666666;	0.0;	0.0
1375180654;	1;	2925.999717;	27.309330692;	0.9333333333333332;	95216.0;	29358.4;	0.0;	0.2;	0.0;	0.0
1375180954;	1;	2925.999717;	31.210663648;	1.0666666666666667;	95216.0;	29881.333333333332;	0.0;	0.13333333333333333;	0.0;	0.0
1375181254;	1;	2925.999717;	23.407997736000002;	0.8;	95216.0;	29007.466666666667;	0.0;	0.13333333333333333;	0.0;	0.0
1375181554;	1;	2925.999717;	23.407997736000002;	0.8;	95216.0;	38095.73333333333;	0.0;	0.2;	0.0;	0.0
1375181854;	1;	2925.999717;	31.210663648;	1.0666666666666667;	95216.0;	27435.733333333334;	0.0;	0.3333333333333333;	0.0;	0.0
1375182154;	1;	2925.999717;	27.309330692;	0.9333333333333332;	95216.0;	27260.8;	0.0;	0.2;	0.0;	0.0
1375182454;	1;	2925.999717;	23.407997736000002;	0.8;	95216.0;	25512.8;	0.0;	0.13333333333333333;	0.0;	0.0
1375182754;	1;	2925.999717;	27.309330692;	0.9333333333333332;	95216.0;	32329.066666666666;	0.0;	0.26666666666666666;	0.0;	0.0
1375183054;	1;	2925.999717;	29.259997170000002;	1.0;	95216.0;	29532.533333333333;	0.0;	0.13333333333333333;	0.0;	0.0
1375183354;	1;	2925.999717;	25.358664214;	0.8666666666666667;	95216.0;	28833.6;	0.0;	0.13333333333333333;	0.0;	0.0
1375183654;	1;	2925.999717;	23.407997736000002;	0.8;	95216.0;	28659.466666666667;	0.0;	0.13333333333333333;	0.0;	0.0
1375183954;	1;	2925.999717;	27.309330692;	0.9333333333333332;	95216.0;	27435.733333333334;	0.0;	0.3333333333333333;	0.0;	0.0
1375184254;	1;	2925.999717;	31.210663648;	1.0666666666666667;	95216.0;	31455.2;	0.0;	0.13333333333333333;	0.0;	0.0
1375184554;	1;	2925.999717;	23.407997736000002;	0.8;	95216.0;	26212.266666666666;	0.0;	0.13333333333333333;	0.0;	0.0
1375184854;	1;	2925.999717;	23.407997736000002;	0.8;	95216.0;	23240.8;	0.0;	0.13333333333333333;	0.0;	0.0
1375185154;	1;	2925.999717;	27.309330692;	0.9333333333333332;	95216.0;	33204.26666666667;	0.0;	0.4;	7.533333333333333;	7.666666666666667
1375185454;	1;	2925.999717;	31.210663648;	1.0666666666666667;	95216.0;	33902.933333333334;	0.0;	0.2;	0.0;	0.0
1375185754;	1;	2925.999717;	23.407997736000002;	0.8;	95216.0;	27261.066666666666;	0.0;	0.2;	0.0;	0.0
1375186054;	1;	2925.999717;	23.407997736000002;	0.8;	95216.0;	25338.133333333335;	0.0;	0.13333333333333333;	0.0;	0.0
1375186354;	1;	2925.999717;	27.309330692;	0.9333333333333332;	95216.0;	25163.733333333334;	0.0;	0.26666666666666666;	0.0;	0.0
1375186654;	1;	2925.999717;	27.309330692;	0.9333333333333332;	95216.0;	34775.73333333333;	0.0;	0.13333333333333333;	0.0;	0.0
1375186954;	1;	2925.999717;	27.309330692;	0.9333333333333332;	95216.0;	27610.666666666668;	0.0;	0.13333333333333333;	0.0;	0.0
1375187254;	1;	2925.999717;	23.407997736000002;	0.8;	95216.0;	30582.133333333335;	0.0;	0.13333333333333333;	0.0;	0.0
1375187554;	1;	2925.999717;	27.309330692;	0.9333333333333332;	95216.0;	31455.466666666667;	0.0;	0.4;	0.0;	0.0
1375187854;	1;	2925.999717;	27.309330692;	0.9333333333333332;	95216.0;	26561.6;	0.0;	0.13333333333333333;	0.0;	0.0
1375188154;	1;	2925.999717;	27.309330692;	0.9333333333333332;	95216.0;	28833.866666666665;	0.0;	0.13333333333333333;	0.0;	0.0
1375188454;	1;	2925.999717;	23.407997736000002;	0.8;	95216.0;	23939.733333333334;	0.0;	0.13333333333333333;	0.0;	0.0
1375188754;	1;	2925.999717;	21.457331258;	0.7333333333333333;	95216.0;	25862.933333333334;	0.0;	0.2;	0.0;	0.0
1375189054;	1;	2925.999717;	29.259997170000002;	1.0;	95216.0;	32679.2;	0.0;	0.26666666666666666;	0.0;	0.0
1375189354;	1;	2925.999717;	33.161330126;	1.1333333333333333;	95216.0;	33552.8;	0.0;	0.2;	165.46666666666667;	168.0
1375189654;	1;	2925.999717;	23.407997736000002;	0.8;	95216.0;	30407.2;	0.0;	0.13333333333333333;	0.0;	0.0
1375189954;	1;	2925.999717;	23.407997736000002;	0.8;	95216.0;	33028.0;	0.0;	0.2;	0.0;	0.0
1375190254;	1;	2925.999717;	27.309330692;	0.9333333333333332;	95216.0;	34076.8;	0.0;	0.2;	0.0;	0.0
1375190554;	1;	2925.999717;	31.210663648;	1.0666666666666667;	95216.0;	27785.066666666666;	0.0;	0.13333333333333333;	0.0;	0.0
1375190854;	1;	2925.999717;	23.407997736000002;	0.8;	95216.0;	24988.533333333333;	0.0;	0.13333333333333333;	0.0;	0.0
1375191154;	1;	2925.999717;	23.407997736000002;	0.8;	95216.0;	27261.6;	0.0;	0.26666666666666666;	0.0;	0.0
1375191454;	1;	2925.999717;	27.309330692;	0.9333333333333332;	95216.0;	26210.933333333334;	0.0;	0.2;	0.0;	0.0
1375191754;	1;	2925.999717;	31.210663648;	1.0666666666666667;	95216.0;	25513.066666666666;	0.0;	0.13333333333333333;	0.0;	0.0
1375192054;	1;	2925.999717;	23.407997736000002;	0.8;	95216.0;	32678.933333333334;	0.0;	0.13333333333333333;	0.0;	0.0
1375192354;	1;	2925.999717;	23.407997736000002;	0.8;	95216.0;	29533.066666666666;	0.0;	0.13333333333333333;	0.0;	0.0
1375192654;	1;	2925.999717;	27.309330692;	0.9333333333333332;	95216.0;	28484.266666666666;	0.0;	0.2;	0.0;	0.0
1375192955;	1;	2925.999717;	31.210663648;	1.0666666666666667;	95216.0;	33552.26666666667;	0.0;	0.2;	0.0;	0.0
1375193255;	1;	2925.999717;	23.407997736000002;	0.8;	95216.0;	29183.2;	0.0;	0.13333333333333333;	0.0;	0.0
1375193555;	1;	2925.999717;	23.407997736000002;	0.8;	95216.0;	32504.266666666666;	0.0;	0.26666666666666666;	0.0;	0.0
1375193855;	1;	2925.999717;	25.358664214;	0.8666666666666667;	95216.0;	23765.333333333332;	0.0;	0.2;	0.0;	0.0
1375194155;	1;	2925.999717;	27.309330692;	0.9333333333333332;	95216.0;	24114.933333333334;	0.0;	0.13333333333333333;	0.0;	0.0
1375194455;	1;	2925.999717;	27.309330692;	0.9333333333333332;	95216.0;	30929.866666666665;	0.0;	0.13333333333333333;	0.0;	0.0
1375194755;	1;	2925.999717;	23.407997736000002;	0.8;	95216.0;	33901.066666666666;	0.0;	0.2;	0.0;	0.0
1375195055;	1;	2925.999717;	23.407997736000002;	0.8;	95216.0;	27260.533333333333;	0.0;	0.13333333333333333;	0.0;	0.0
1375195355;	1;	2925.999717;	27.309330692;	0.9333333333333332;	95216.0;	26386.4;	0.0;	0.2;	0.0;	0.0
1375195655;	1;	2925.999717;	31.210663648;	1.0666666666666667;	95216.0;	31804.533333333333;	0.0;	0.13333333333333333;	0.0;	0.0
1375195955;	1;	2925.999717;	23.407997736000002;	0.8;	95216.0;	24639.733333333334;	0.0;	0.13333333333333333;	0.0;	0.0
1375196255;	1;	2925.999717;	23.407997736000002;	0.8;	95216.0;	23241.6;	0.0;	0.13333333333333333;	0.0;	0.0
1375196555;	1;	2925.999717;	27.309330692;	0.9333333333333332;	95216.0;	28659.466666666667;	0.0;	0.26666666666666666;	0.06666666666666667;	0.0
1375196855;	1;	2925.999717;	29.259997170000002;	1.0;	95216.0;	26037.333333333332;	0.0;	0.13333333333333333;	0.8;	0.0
1375197155;	1;	2925.999717;	23.407997736000002;	0.8;	95216.0;	26736.266666666666;	0.0;	0.2;	0.0;	0.0
1375197455;	1;	2925.999717;	23.407997736000002;	0.8;	95216.0;	28483.733333333334;	0.0;	0.13333333333333333;	0.0;	0.0
1375197755;	1;	2925.999717;	27.309330692;	0.9333333333333332;	95216.0;	25338.666666666668;	0.0;	0.26666666666666666;	0.0;	0.0
1375198055;	1;	2925.999717;	31.210663648;	1.0666666666666667;	95216.0;	26736.0;	0.0;	0.13333333333333333;	0.0;	0.0
1375198355;	1;	2925.999717;	23.407997736000002;	0.8;	95216.0;	29182.933333333334;	0.0;	0.3333333333333333;	0.0;	0.0
1375198655;	1;	2925.999717;	23.407997736000002;	0.8;	95216.0;	30232.0;	0.0;	0.13333333333333333;	0.0;	0.0
1375198955;	1;	2925.999717;	27.309330692;	0.9333333333333332;	95216.0;	28308.8;	0.0;	0.2;	0.0;	0.0
1375199255;	1;	2925.999717;	31.210663648;	1.0666666666666667;	95216.0;	30056.8;	0.0;	0.13333333333333333;	0.0;	0.0
1375199555;	1;	2925.999717;	23.407997736000002;	0.8;	95216.0;	29881.866666666665;	0.0;	0.2;	0.0;	0.0
1375199855;	1;	2925.999717;	23.407997736000002;	0.8;	95216.0;	29357.6;	0.0;	0.13333333333333333;	0.0;	0.0
1375200155;	1;	2925.999717;	27.309330692;	0.9333333333333332;	95216.0;	29706.4;	0.0;	0.26666666666666666;	0.0;	0.0
1375200455;	1;	2925.999717;	31.210663648;	1.0666666666666667;	95216.0;	29881.333333333332;	0.0;	0.13333333333333333;	0.0;	0.0
1375200755;	1;	2925.999717;	23.407997736000002;	0.8;	95216.0;	29357.6;	0.0;	0.13333333333333333;	0.0;	0.0
1375201055;	1;	2925.999717;	23.407997736000002;	0.8;	95216.0;	30232.266666666666;	0.0;	0.13333333333333333;	0.0;	0.0
1375201355;	1;	2925.999717;	27.309330692;	0.9333333333333332;	95216.0;	28834.133333333335;	0.0;	0.2;	0.0;	0.0
1375201655;	1;	2925.999717;	27.309330692;	0.9333333333333332;	95216.0;	32679.733333333334;	0.0;	0.13333333333333333;	0.0;	0.0
1375201955;	1;	2925.999717;	27.309330692;	0.9333333333333332;	95216.0;	28658.933333333334;	0.0;	0.2;	0.0;	0.0
1375202255;	1;	2925.999717;	23.407997736000002;	0.8;	95216.0;	26037.066666666666;	0.0;	0.13333333333333333;	0.0;	0.0
1375202555;	1;	2925.999717;	23.407997736000002;	0.8;	95216.0;	27436.0;	0.0;	0.13333333333333333;	0.0;	0.0
1375202855;	1;	2925.999717;	23.407997736000002;	0.8;	95216.0;	25862.933333333334;	0.0;	0.2;	0.0;	0.0
1375203156;	1;	2925.999717;	23.407997736000002;	0.8;	95216.0;	30756.266666666666;	0.0;	0.2;	0.0;	0.0
1375203456;	1;	2925.999717;	27.309330692;	0.9333333333333332;	95216.0;	29008.8;	0.0;	0.2;	0.0;	0.0
1375203756;	1;	2925.999717;	31.210663648;	1.0666666666666667;	95216.0;	34076.53333333333;	0.0;	0.2;	0.0;	0.0
1375204056;	1;	2925.999717;	23.407997736000002;	0.8;	95216.0;	36523.46666666667;	0.0;	0.13333333333333333;	0.0;	0.0
1375204356;	1;	2925.999717;	23.407997736000002;	0.8;	95216.0;	33551.73333333333;	0.0;	0.26666666666666666;	0.0;	0.0
1375204656;	1;	2925.999717;	27.309330692;	0.9333333333333332;	95216.0;	30407.466666666667;	0.0;	0.2;	0.0;	0.0
1375204956;	1;	2925.999717;	27.309330692;	0.9333333333333332;	95216.0;	31454.133333333335;	0.0;	0.13333333333333333;	0.0;	0.0
1375205256;	1;	2925.999717;	27.309330692;	0.9333333333333332;	95216.0;	31978.4;	0.0;	0.13333333333333333;	0.0;	0.0
1375205556;	1;	2925.999717;	23.407997736000002;	0.8;	95216.0;	29182.666666666668;	0.0;	0.2;	0.0;	0.0
1375205856;	1;	2925.999717;	25.358664214;	0.8666666666666667;	95216.0;	32853.6;	0.0;	0.2;	0.0;	0.0
1375206156;	1;	2925.999717;	31.210663648;	1.0666666666666667;	95216.0;	33378.13333333333;	0.0;	0.2;	0.0;	0.0
1375206456;	1;	2925.999717;	23.407997736000002;	0.8;	95216.0;	28310.133333333335;	0.0;	0.13333333333333333;	0.0;	0.0
1375206756;	1;	2925.999717;	23.407997736000002;	0.8;	95216.0;	25338.666666666668;	0.0;	0.2;	0.0;	0.0
1375207056;	1;	2925.999717;	27.309330692;	0.9333333333333332;	95216.0;	28833.066666666666;	0.0;	0.2;	0.0;	0.0
1375207356;	1;	2925.999717;	27.309330692;	0.9333333333333332;	95216.0;	28308.8;	0.0;	0.2;	0.0;	0.0
1375207656;	1;	2925.999717;	27.309330692;	0.9333333333333332;	95216.0;	27610.666666666668;	0.0;	0.13333333333333333;	0.0;	0.0
1375207956;	1;	2925.999717;	23.407997736000002;	0.8;	95216.0;	24988.533333333333;	0.0;	0.13333333333333333;	0.0;	0.0
1375208256;	1;	2925.999717;	27.309330692;	0.9333333333333332;	95216.0;	25687.733333333334;	0.0;	0.2;	0.0;	0.0
1375208556;	1;	2925.999717;	29.259997170000002;	1.0;	95216.0;	27784.8;	0.0;	0.13333333333333333;	0.0;	0.0
1375208856;	1;	2925.999717;	25.358664214;	0.8666666666666667;	95216.0;	29532.533333333333;	0.0;	0.13333333333333333;	0.0;	0.0
1375209156;	1;	2925.999717;	23.407997736000002;	0.8;	95216.0;	30407.2;	0.0;	0.2;	0.0;	0.0
1375209456;	1;	2925.999717;	27.309330692;	0.9333333333333332;	95216.0;	29008.266666666666;	0.0;	0.2;	0.0;	0.0
1375209756;	1;	2925.999717;	31.210663648;	1.0666666666666667;	95216.0;	27784.533333333333;	0.0;	0.13333333333333333;	0.0;	0.0
1375210056;	1;	2925.999717;	23.407997736000002;	0.8;	95216.0;	28309.333333333332;	0.0;	0.13333333333333333;	0.0;	0.0
1375210356;	1;	2925.999717;	23.407997736000002;	0.8;	95216.0;	31105.066666666666;	0.0;	0.2;	0.0;	0.0
1375210656;	1;	2925.999717;	27.309330692;	0.9333333333333332;	95216.0;	37223.2;	0.0;	0.2;	0.0;	0.0
1375210956;	1;	2925.999717;	31.210663648;	1.0666666666666667;	95216.0;	30056.533333333333;	0.0;	0.26666666666666666;	0.0;	0.0
1375211256;	1;	2925.999717;	23.407997736000002;	0.8;	95216.0;	27610.666666666668;	0.0;	0.13333333333333333;	0.0;	0.0
1375211556;	1;	2925.999717;	23.407997736000002;	0.8;	95216.0;	31455.2;	0.0;	0.2;	0.0;	0.0
1375211856;	1;	2925.999717;	27.309330692;	0.9333333333333332;	95216.0;	26212.533333333333;	0.0;	0.2;	0.0;	0.0
1375212156;	1;	2925.999717;	29.259997170000002;	1.0;	95216.0;	27959.733333333334;	0.0;	0.13333333333333333;	0.0;	0.0
1375212456;	1;	2925.999717;	21.457331258;	0.7333333333333333;	95216.0;	29009.066666666666;	0.0;	0.26666666666666666;	0.0;	0.0
1375212756;	1;	2925.999717;	23.407997736000002;	0.8;	95216.0;	29183.2;	0.0;	0.26666666666666666;	0.0;	0.0
1375213056;	1;	2925.999717;	31.210663648;	1.0666666666666667;	95216.0;	37921.6;	0.0;	0.26666666666666666;	0.0;	0.0
1375213356;	1;	2925.999717;	27.309330692;	0.9333333333333332;	95216.0;	28834.133333333335;	0.0;	0.13333333333333333;	0.0;	0.0
1375213656;	1;	2925.999717;	23.407997736000002;	0.8;	95216.0;	25862.666666666668;	0.0;	0.13333333333333333;	0.0;	0.0
1375213956;	1;	2925.999717;	27.309330692;	0.9333333333333332;	95216.0;	24813.066666666666;	0.0;	0.2;	0.0;	0.0
1375214256;	1;	2925.999717;	27.309330692;	0.9333333333333332;	95216.0;	31979.466666666667;	0.0;	0.2;	0.0;	0.0
1375214556;	1;	2925.999717;	23.407997736000002;	0.8;	95216.0;	32677.866666666665;	0.0;	0.2;	0.0;	0.0
1375214856;	1;	2925.999717;	23.407997736000002;	0.8;	95216.0;	24639.2;	0.0;	0.13333333333333333;	0.0;	0.0
1375215156;	1;	2925.999717;	27.309330692;	0.9333333333333332;	95216.0;	29358.133333333335;	0.0;	0.2;	0.0;	0.0
1375215457;	1;	2925.999717;	27.309330692;	0.9333333333333332;	95216.0;	32853.333333333336;	0.0;	0.2;	0.0;	0.0
1375215757;	1;	2925.999717;	27.309330692;	0.9333333333333332;	95216.0;	27086.133333333335;	0.0;	0.13333333333333333;	0.0;	0.0
1375216057;	1;	2925.999717;	23.407997736000002;	0.8;	95216.0;	32329.333333333332;	0.0;	0.13333333333333333;	0.0;	0.0
1375216357;	1;	2925.999717;	23.407997736000002;	0.8;	95216.0;	32504.8;	0.0;	0.26666666666666666;	0.0;	0.0
1375216657;	1;	2925.999717;	31.210663648;	1.0666666666666667;	95216.0;	35125.6;	0.0;	0.2;	0.0;	0.0
1375216957;	1;	2925.999717;	27.309330692;	0.9333333333333332;	95216.0;	28135.2;	0.0;	0.13333333333333333;	0.0;	0.0
1375217257;	1;	2925.999717;	23.407997736000002;	0.8;	95216.0;	24988.533333333333;	0.0;	0.13333333333333333;	0.0;	0.0
1375217557;	1;	2925.999717;	23.407997736000002;	0.8;	95216.0;	29708.266666666666;	0.0;	0.2;	0.0;	0.0
1375217857;	1;	2925.999717;	31.210663648;	1.0666666666666667;	95216.0;	29706.933333333334;	0.0;	0.26666666666666666;	0.0;	0.0
1375218157;	1;	2925.999717;	27.309330692;	0.9333333333333332;	95216.0;	30581.333333333332;	0.0;	0.2;	0.0;	0.0
1375218457;	1;	2925.999717;	23.407997736000002;	0.8;	95216.0;	30756.266666666666;	0.0;	0.2;	0.0;	0.0
1375218757;	1;	2925.999717;	23.407997736000002;	0.8;	95216.0;	32678.666666666668;	0.0;	0.2;	0.0;	0.0
1375219057;	1;	2925.999717;	27.309330692;	0.9333333333333332;	95216.0;	29707.466666666667;	0.0;	0.2;	0.0;	0.0
1375219357;	1;	2925.999717;	29.259997170000002;	1.0;	95216.0;	34426.666666666664;	0.0;	0.13333333333333333;	0.0;	0.0
1375219657;	1;	2925.999717;	23.407997736000002;	0.8;	95216.0;	28133.333333333332;	0.0;	0.13333333333333333;	0.0;	0.0
1375219957;	1;	2925.999717;	23.407997736000002;	0.8;	95216.0;	29357.6;	0.0;	0.26666666666666666;	0.0;	0.0
1375220257;	1;	2925.999717;	27.309330692;	0.9333333333333332;	95216.0;	27784.8;	0.0;	0.2;	0.0;	0.0
1375220557;	1;	2925.999717;	27.309330692;	0.9333333333333332;	95216.0;	24464.8;	0.0;	0.13333333333333333;	0.0;	0.0
1375220857;	1;	2925.999717;	25.358664214;	0.8666666666666667;	95216.0;	31980.0;	0.0;	0.13333333333333333;	0.0;	0.0
1375221157;	1;	2925.999717;	23.407997736000002;	0.8;	95216.0;	34950.13333333333;	0.0;	0.13333333333333333;	0.0;	0.0
1375221457;	1;	2925.999717;	23.407997736000002;	0.8;	95216.0;	32503.733333333334;	0.0;	0.13333333333333333;	0.0;	0.0
